{
    "Gender": 0,
    "Weight": 0.4000000059604645,
    "SkinColor": {
        "r": 0.4000000059604645,
        "g": 0.33000001311302187,
        "b": 0.27000001072883608,
        "a": 1.0
    },
    "HairStyle": "Avatar/Hair/Afro/Afro",
    "HairColor": {
        "r": 0.07000000029802323,
        "g": 0.07000000029802323,
        "b": 0.07000000029802323,
        "a": 1.0
    },
    "Mouth": "Avatar/Layers/Face/Face_SlightSmile",
    "FacialHair": "Avatar/Layers/Face/FacialHair_Goatee",
    "FacialDetails": "",
    "FacialDetailsIntensity": 0.5,
    "EyeballColor": {
        "r": 1.0,
        "g": 0.8199999928474426,
        "b": 0.8199999928474426,
        "a": 1.0
    },
    "UpperEyeLidRestingPosition": 0.15161290764808656,
    "LowerEyeLidRestingPosition": 0.20967741310596467,
    "PupilDilation": 0.6338709592819214,
    "EyebrowScale": 1.0,
    "EyebrowThickness": 1.0,
    "EyebrowRestingHeight": 0.0,
    "EyebrowRestingAngle": 0.0,
    "Top": "Avatar/Layers/Top/T-Shirt",
    "TopColor": {
        "r": 0.5,
        "g": 0.1899999976158142,
        "b": 0.7099999785423279,
        "a": 1.0
    },
    "Bottom": "Avatar/Layers/Bottom/Jeans",
    "BottomColor": {
        "r": 0.15000000596046449,
        "g": 0.15000000596046449,
        "b": 0.15000000596046449,
        "a": 1.0
    },
    "Shoes": "Avatar/Accessories/Feet/Sneakers/Sneakers",
    "ShoesColor": {
        "r": 1.0,
        "g": 1.0,
        "b": 1.0,
        "a": 1.0
    },
    "Headwear": "",
    "HeadwearColor": {
        "r": 1.0,
        "g": 1.0,
        "b": 1.0,
        "a": 1.0
    },
    "Eyewear": "",
    "EyewearColor": {
        "r": 0.0,
        "g": 0.0,
        "b": 0.0,
        "a": 0.0
    },
    "Tattoos": []
}