{
    "DataType": "MoneyData",
    "DataVersion": 0,
    "GameVersion": "0.4.4f10",
    "OnlineBalance": 10242.7265625,
    "Networth": 117929.0390625,
    "LifetimeEarnings": 276312.75,
    "WeeklyDepositSum": 6000.0
}