{
    "DataType": "MoneyData",
    "DataVersion": 0,
    "GameVersion": "0.4.3f3",
    "OnlineBalance": 877.3009033203125,
    "Networth": 38828.203125,
    "LifetimeEarnings": 110727.296875,
    "WeeklyDepositSum": 483.3999938964844
}