{
    "DataType": "MoneyData",
    "DataVersion": 0,
    "GameVersion": "0.4.3f3",
    "OnlineBalance": 431.05029296875,
    "Networth": 20517.05078125,
    "LifetimeEarnings": 35742.55078125,
    "WeeklyDepositSum": 524.0
}