{
    "DataType": "MoneyData",
    "DataVersion": 0,
    "GameVersion": "0.4.4f10",
    "OnlineBalance": 12938.099609375,
    "Networth": 103562.1640625,
    "LifetimeEarnings": 243150.375,
    "WeeklyDepositSum": 0.0
}