{
    "DataType": "MoneyData",
    "DataVersion": 0,
    "GameVersion": "0.4.3f3",
    "OnlineBalance": 349.65087890625,
    "Networth": 42463.75390625,
    "LifetimeEarnings": 99542.546875,
    "WeeklyDepositSum": 0.0
}