{
    "DataType": "MoneyData",
    "DataVersion": 0,
    "GameVersion": "0.4.3f3",
    "OnlineBalance": 396.05029296875,
    "Networth": 20859.05078125,
    "LifetimeEarnings": 36104.80078125,
    "WeeklyDepositSum": 524.0
}