{
    "DataType": "MoneyData",
    "DataVersion": 0,
    "GameVersion": "0.4.3f3",
    "OnlineBalance": 506.65087890625,
    "Networth": 31342.251953125,
    "LifetimeEarnings": 104103.796875,
    "WeeklyDepositSum": 0.0
}