{
    "DataType": "MoneyData",
    "DataVersion": 0,
    "GameVersion": "0.4.3f3",
    "OnlineBalance": 7.950439453125,
    "Networth": 26196.001953125,
    "LifetimeEarnings": 56980.05078125,
    "WeeklyDepositSum": 0.0
}