{
    "DataType": "MoneyData",
    "DataVersion": 0,
    "GameVersion": "0.4.3f3",
    "OnlineBalance": 0.0,
    "Networth": 48428.453125,
    "LifetimeEarnings": 117448.921875,
    "WeeklyDepositSum": 1258.2000732421875
}