{
    "DataType": "MoneyData",
    "DataVersion": 0,
    "GameVersion": "0.4.3f3",
    "OnlineBalance": 1757.55029296875,
    "Networth": 21110.55078125,
    "LifetimeEarnings": 41276.30078125,
    "WeeklyDepositSum": 7385.5
}