{
    "DataType": "MoneyData",
    "DataVersion": 0,
    "GameVersion": "0.4.4f10",
    "OnlineBalance": 11498.099609375,
    "Networth": 105048.4140625,
    "LifetimeEarnings": 231689.625,
    "WeeklyDepositSum": 10000.0
}