{
    "DataType": "MoneyData",
    "DataVersion": 0,
    "GameVersion": "0.4.3f3",
    "OnlineBalance": 56.1005859375,
    "Networth": 34672.8046875,
    "LifetimeEarnings": 80120.046875,
    "WeeklyDepositSum": 1500.0
}