{
    "DataType": "MoneyData",
    "DataVersion": 0,
    "GameVersion": "0.4.3f3",
    "OnlineBalance": 628.6005859375,
    "Networth": 31754.80078125,
    "LifetimeEarnings": 67833.546875,
    "WeeklyDepositSum": 0.0
}