{
    "DataType": "MoneyData",
    "DataVersion": 0,
    "GameVersion": "0.4.3f3",
    "OnlineBalance": 23.950439453125,
    "Networth": 30575.40234375,
    "LifetimeEarnings": 61706.80078125,
    "WeeklyDepositSum": 0.0
}