{
    "DataType": "MoneyData",
    "DataVersion": 0,
    "GameVersion": "0.4.3f3",
    "OnlineBalance": 857.80029296875,
    "Networth": 24708.05078125,
    "LifetimeEarnings": 40230.30078125,
    "WeeklyDepositSum": 1485.75
}