{
    "DataType": "MoneyData",
    "DataVersion": 0,
    "GameVersion": "0.4.3f3",
    "OnlineBalance": 1012.05029296875,
    "Networth": 21605.451171875,
    "LifetimeEarnings": 47327.30078125,
    "WeeklyDepositSum": 9656.0
}