{
    "DataType": "MoneyData",
    "DataVersion": 0,
    "GameVersion": "0.4.3f3",
    "OnlineBalance": 6757.55029296875,
    "Networth": 20921.05078125,
    "LifetimeEarnings": 40778.80078125,
    "WeeklyDepositSum": 7385.5
}