{
    "DataType": "MoneyData",
    "DataVersion": 0,
    "GameVersion": "0.4.3f3",
    "OnlineBalance": 141.55029296875,
    "Networth": 19334.05078125,
    "LifetimeEarnings": 43080.05078125,
    "WeeklyDepositSum": 7385.5
}