{
    "DataType": "MoneyData",
    "DataVersion": 0,
    "GameVersion": "0.4.3f3",
    "OnlineBalance": 1340.950439453125,
    "Networth": 23496.451171875,
    "LifetimeEarnings": 49312.30078125,
    "WeeklyDepositSum": 0.0
}