{
    "DataType": "MoneyData",
    "DataVersion": 0,
    "GameVersion": "0.3.4f8",
    "OnlineBalance": 1392.9306640625,
    "Networth": 10942.630859375,
    "LifetimeEarnings": 39509.0,
    "WeeklyDepositSum": 1840.0
}